Level,Module,Stage,Mod,Offering #,Offering capacity 2013,Number enrolled 2013,Semester,Classif,Day,Start,Finish,Semester Weeks,Preferred location,Amendment Type,Special Requirements ,active_inactive,undergraduate,year
1,COMP10010,-1,Introduction to Programming I,VA1,250,142,Semester One,LEC,Tue,10:00,10:50,Sem1: All Weeks,,,,1,1,2018
1,COMP10010,-1,Introduction to Programming I,VA1,250,142,Semester One,LEC,Thu,10:00,10:50,Sem1: All Weeks,,,,1,1,2018
1,COMP10020,-1,Introduction to Programming II,VQ1,150,72,Semester Two,LEC,Tue,10:00,10:50,"20, 21, 22, 23, 24, 25, 26, 29, 30, 31, 32, 33",,,,1,1,2018
1,COMP10020,-1,Introduction to Programming II,VQ1,150,72,Semester Two,LEC,Thu,10:00,10:50,"20, 21, 22, 23, 24, 25, 26, 29, 30, 31, 32, 33",,,,1,1,2018
1,COMP10020,-1,Introduction to Programming II,ZQ1,30,29,Semester Two,TUT,Tue,16:00,17:50,"22, 23, 24, 25, 26, 29, 30, 31, 32, 33",,,,1,1,2018
1,COMP10020,-1,Introduction to Programming II,ZQ2,30,24,Semester Two,TUT,Wed,16:00,17:50,"22, 23, 24, 25, 26, 29, 30, 31, 32, 33",,,,1,1,2018
1,COMP10020,-1,Introduction to Programming II,ZQ3,30,17,Semester Two,TUT,Thu,16:00,17:50,"22, 23, 24, 25, 26, 29, 30, 31, 32, 33",,,,1,1,2018
1,COMP10030,1,Algorithmic Problem Solving,HA1,77,56,Semester One,TUT,Mon,15:00,15:50,Sem1: Weeks 2-12,CSI B106,,,1,1,2018
1,COMP10030,1,Algorithmic Problem Solving,HA2,77,56,Semester One,TUT,Tue,17:00,17:50,Sem1: Weeks 2-12,,,,1,1,2018
1,COMP10030,1,Algorithmic Problem Solving,HA3,76,63,Semester One,TUT,Thu,16:00,16:50,Sem1: Weeks 2-12,CSI B106,,,1,1,2018
1,COMP10030,1,Algorithmic Problem Solving,VA1,230,177,Semester One,LEC,Mon,12:00,12:50,Sem1: All Weeks,,,,1,1,2018
1,COMP10030,1,Algorithmic Problem Solving,VA1,230,177,Semester One,LEC,Wed,11:00,11:50,Sem1: All Weeks,,,,1,1,2018
1,COMP10040,1,Intro to Comp Architecture,VQ1,160,101,Semester Two,LEC,Thu,13:00,13:50,"20, 21, 22, 23, 24, 25, 26, 29, 30, 31, 32, 33",,,,1,1,2018
1,COMP10040,1,Intro to Comp Architecture,VQ1,160,101,Semester Two,LEC,Fri,14:00,14:50,"20, 21, 22, 23, 24, 25, 26, 29, 30, 31, 32, 33",,,,1,1,2018
1,COMP10040,1,Intro to Comp Architecture,VQ1,160,101,Semester Two,PRA,Tue,16:00,17:50,"21, 22, 23, 24, 25, 26, 29, 30, 31, 32, 33",,,,1,1,2018
1,COMP10050,,Software Engineering Project 1,VQ1,95,93,Semester Two,LEC,Tue,13:00,13:50,"20, 21, 22, 23, 24, 25, 26, 29, 30, 31, 32, 33",CSI B106,,,1,1,2018
1,COMP10050,,Software Engineering Project 1,VQ1,95,93,Semester Two,PRA,Fri,11:00,12:50,"20, 21, 22, 23, 24, 25, 26, 29, 30, 31, 32, 33",CSI B106,,,1,1,2018
1,COMP10060,,Computer Sci for Engineers I,VQ1,294,283,Semester Two,LEC,Tue,12:00,12:50,"20, 21, 22, 23, 24, 25, 26, 29, 30, 31, 32, 33",,,,1,1,2018
1,COMP10060,,Computer Sci for Engineers I,VQ1,294,283,Semester Two,LEC,Thu,11:00,11:50,"20, 21, 22, 23, 24, 25, 26, 29, 30, 31, 32, 33",,,,1,1,2018
1,COMP10060,,Computer Sci for Engineers I,ZQ1,90,57,Semester Two,PRA,Mon,11:00,12:50,"20, 21, 22, 23",,,,1,1,2018
1,COMP10060,,Computer Sci for Engineers I,ZQ1,90,57,Semester Two,PRA,Mon,11:00,12:50,"24, 25, 26, 29, 30, 31, 32, 33",,,,1,1,2018
1,COMP10060,,Computer Sci for Engineers I,ZQ2,80,40,Semester Two,PRA,Fri,15:00,16:50,"20, 21, 22, 23, 24, 25, 26, 29, 30, 31, 32, 33",,,,1,1,2018
1,COMP10060,,Computer Sci for Engineers I,ZQ3,59,55,Semester Two,PRA,Tue,15:00,16:50,"20, 21, 22, 23, 24, 25, 26, 29, 30, 31, 32, 33",,,,1,1,2018
1,COMP10060,,Computer Sci for Engineers I,ZQ4,90,47,Semester Two,PRA,Wed,11:00,12:50,"20, 21, 22, 23, 24, 25, 26, 29, 30, 31, 32, 33",,,,1,1,2018
1,COMP10060,,Computer Sci for Engineers I,ZQ5,90,84,Semester Two,PRA,Fri,11:00,12:50,"20, 21",,,,1,1,2018
1,COMP10060,,Computer Sci for Engineers I,ZQ5,90,84,Semester Two,PRA,Fri,11:00,12:50,"22, 23, 24, 25, 26, 29, 30, 31, 32, 33",,,,1,1,2018
1,COMP10070,,Formal Foundations,VA1,95,86,Semester One,LEC,Tue,12:00,12:50,"1, 2, 3, 4, 5, 6, 7",,,,1,1,2018
1,COMP10070,,Formal Foundations,VA1,95,86,Semester One,LEC,Tue,12:00,12:50,"8, 9, 10, 11, 12",,,,1,1,2018
1,COMP10070,,Formal Foundations,VA1,95,86,Semester One,LEC,Thu,11:00,11:50,Sem1: All Weeks,,,,1,1,2018
1,COMP10070,,Formal Foundations,VA1,95,86,Semester One,TUT,Wed,15:00,15:50,Sem1: All Weeks,CSI B106,,,1,1,2018
1,COMP10070,,Formal Foundations,VA1,95,86,Semester One,TUT,Fri,11:00,11:50,Sem1: All Weeks,CSI B106,,,1,1,2018
1,COMP10080,,Information & Comms Technology,VA1,40,34,Semester One,LEC,Mon,10:00,10:50,Sem1: All Weeks,CSI B108,,,1,1,2018
1,COMP10080,,Information & Comms Technology,VA1,40,34,Semester One,LEC,Wed,10:00,10:50,Sem1: All Weeks,CSI B108,,,1,1,2018
1,COMP10110,,Computer Programming I,VA1,95,90,Semester One,LEC,Tue,15:00,16:50,Sem1: All Weeks,CSI B106,,,1,1,2018
1,COMP10110,,Computer Programming I,VA1,95,90,Semester One,LEC,Fri,14:00,14:50,Sem1: All Weeks,CSI B106,,,1,1,2018
1,COMP10120,,Computer Programming II,VQ1,95,88,Semester Two,LEC,Tue,10:00,10:50,"20, 21, 22, 23, 24, 25, 26, 29, 30, 31, 32, 33",CSI B106,,,1,1,2018
1,COMP10120,,Computer Programming II,VQ1,95,88,Semester Two,LEC,Thu,10:00,10:50,"20, 21, 22, 23, 24, 25, 26, 29, 30, 31, 32, 33",,,,1,1,2018
1,COMP10120,,Computer Programming II,VQ1,95,88,Semester Two,PRA,Tue,14:00,15:50,"20, 21, 22, 23, 24, 25, 26, 29, 30, 31, 32, 33",CSI B106,,,1,1,2018
1,COMP10120,,Computer Programming II,VQ1,95,88,Semester Two,PRA,Thu,14:00,15:50,"20, 21, 22, 23, 24, 25, 26, 29, 30, 31, 32, 33",CSI B106,,,1,1,2018
1,COMP10130,,Computer Science in Practice,VA1,95,86,Semester One,LEC,Tue,10:00,11:50,Sem1: All Weeks,CSI B106,,,1,1,2018
1,COMP10130,,Computer Science in Practice,VA1,95,86,Semester One,PRA,Wed,09:00,10:50,Sem1: All Weeks,CSI B106,,,1,1,2018
1,COMP10130,,Computer Science in Practice,VA1,95,86,Semester One,PRA,Thu,10:00,10:50,Sem1: All Weeks,CSI B106,,,1,1,2018
1,COMP10130,,Computer Science in Practice,VA1,95,86,Semester One,WRK,Wed,13:00,13:50,Sem1: All Weeks,CSI B106,,,1,1,2018
1,COMP10130,,Computer Science in Practice,VA1,95,86,Semester One,WRK,Wed,13:00,13:50,Sem1: All Weeks,CSI B108,,,1,1,2018
1,COMP10130,,Computer Science in Practice,VA1,95,86,Semester One,WRK,Wed,13:00,14:50,Sem1: All Weeks,CSI B106,,,1,1,2018
1,COMP10130,,Computer Science in Practice,VA1,95,86,Semester One,WRK,Wed,13:00,14:50,Sem1: All Weeks,CSI B108,,,1,1,2018
2,COMP20010,,Data Structures & Algorithms I,HA1,40,31,Semester One,TUT,Tue,09:00,10:50,Sem1: All Weeks,,,,1,1,2018
2,COMP20010,,Data Structures & Algorithms I,HA2,40,25,Semester One,TUT,Thu,09:00,10:50,Sem1: All Weeks,CSI B109,,,1,1,2018
2,COMP20010,,Data Structures & Algorithms I,HA3,40,26,Semester One,TUT,Thu,17:00,18:50,Sem1: All Weeks,CSI B109,,,1,1,2018
2,COMP20010,,Data Structures & Algorithms I,VA1,120,81,Semester One,LEC,Tue,15:00,15:50,Sem1: All Weeks,,,,1,1,2018
2,COMP20010,,Data Structures & Algorithms I,VA1,120,81,Semester One,LEC,Thu,16:00,16:50,Sem1: All Weeks,,,,1,1,2018
2,COMP20010,,Data Structures & Algorithms I,ZA1,40,32,Semester One,PRA,Mon,14:00,15:50,Sem1: All Weeks,CSI B109,,,1,1,2018
2,COMP20010,,Data Structures & Algorithms I,ZA2,80,47,Semester One,PRA,Mon,16:00,17:50,Sem1: All Weeks,CSI B003,,,1,1,2018
2,COMP20020,,Digital Systems,VA1,160,76,Semester One,LEC,Mon,12:00,12:50,Sem1: All Weeks,,,,1,1,2018
2,COMP20020,,Digital Systems,VA1,160,76,Semester One,LEC,Wed,12:00,12:50,Sem1: All Weeks,,,,1,1,2018
2,COMP20020,,Digital Systems,ZA1,55,35,Semester One,PRA,Mon,09:00,10:50,Sem1: All Weeks,CSI B003,,,1,1,2018
2,COMP20020,,Digital Systems,ZA2,55,38,Semester One,PRA,Fri,09:00,10:50,Sem1: All Weeks,CSI B003,,,1,1,2018
2,COMP20030,,Web Design,VQ1,95,52,Semester Two,LAB,Wed,10:00,11:50,"20, 21, 22, 23, 24, 25, 26, 29, 30, 31, 32, 33",CSI B106,,,1,1,2018
2,COMP20030,,Web Design,VQ1,95,52,Semester Two,LEC,Tue,11:00,11:50,"20, 21, 22, 23, 24, 25, 26, 29, 30, 31, 32, 33",CSI B106,,,1,1,2018
2,COMP20030,,Web Design,VQ1,95,52,Semester Two,LEC,Thu,12:00,12:50,"20, 21, 22, 23, 24, 25, 26, 29, 30, 31, 32, 33",CSI B106,,,1,1,2018
2,COMP20040,2,Data Structures & Algorithm II,RQ1,45,38,Semester Two,LAB,Thu,09:00,10:50,"20, 21, 22, 23, 24, 25, 26, 29, 30, 31, 32, 33",CSI B106,,,1,1,2018
2,COMP20040,2,Data Structures & Algorithm II,RQ2,40,36,Semester Two,LAB,Thu,11:00,12:50,"20, 21, 22, 23, 24, 25, 26, 29, 30, 31, 32, 33",CSI B109,,,1,1,2018
2,COMP20040,2,Data Structures & Algorithm II,VQ1,130,75,Semester Two,LEC,Tue,15:00,15:50,"20, 21, 22, 23, 24, 25, 26, 29, 30, 31, 32, 33",,,,1,1,2018
2,COMP20040,2,Data Structures & Algorithm II,VQ1,130,75,Semester Two,LEC,Thu,16:00,16:50,"20, 21, 22, 23, 24, 25, 26, 29, 30, 31, 32, 33",,,,1,1,2018
2,COMP20050,2,Software Engineering Project 2,VQ1,95,73,Semester Two,LEC,Tue,13:00,13:50,"20, 21, 22, 23, 24, 25, 26, 29, 30, 31, 32, 33",,,,1,1,2018
2,COMP20050,2,Software Engineering Project 2,VQ1,95,73,Semester Two,LEC,Fri,13:00,13:50,"20, 21, 22, 23, 24, 25, 26, 29, 30, 31, 32, 33",,,,1,1,2018
2,COMP20050,2,Software Engineering Project 2,VQ1,95,73,Semester Two,PRA,Fri,09:00,10:50,"20, 21, 22, 23, 24, 25, 26, 29, 30, 31, 32, 33",CSI B106,,,1,1,2018
2,COMP20070,2,Databases and Info.  Systems I,VA1,160,82,Semester One,LEC,Tue,11:00,11:50,Sem1: All Weeks,,,,1,1,2018
2,COMP20070,2,Databases and Info.  Systems I,VA1,160,82,Semester One,LEC,Thu,12:00,12:50,Sem1: All Weeks,,,,1,1,2018
2,COMP20070,2,Databases and Info.  Systems I,ZA1,55,36,Semester One,PRA,Tue,16:00,17:50,Sem1: All Weeks,,,,1,1,2018
2,COMP20070,2,Databases and Info.  Systems I,ZA2,55,44,Semester One,PRA,Thu,14:00,15:50,Sem1: All Weeks,,,,1,1,2018
2,COMP20080,-1,Computer Sci for Engineers II,VA1,80,62,Semester One,LEC,Tue,11:00,11:50,Sem1: All Weeks,,,,1,1,2018
2,COMP20080,-1,Computer Sci for Engineers II,VA1,80,62,Semester One,LEC,Thu,12:00,12:50,Sem1: All Weeks,,,,1,1,2018
2,COMP20080,-1,Computer Sci for Engineers II,ZA1,60,43,Semester One,LAB,Tue,15:00,16:50,Sem1: All Weeks,,,,1,1,2018
2,COMP20080,-1,Computer Sci for Engineers II,ZA2,50,16,Semester One,LAB,Fri,14:00,15:50,Sem1: All Weeks,,,,1,1,2018
2,COMP20090,,Intro. to Cognitive Science,VQ1,135,51,Semester Two,LEC,Tue,11:00,11:50,"20, 21, 22, 23, 24, 25, 26, 29, 30, 31, 32, 33",,,,1,1,2018
2,COMP20090,,Intro. to Cognitive Science,VQ1,135,51,Semester Two,LEC,Thu,12:00,12:50,"20, 21, 22, 23, 24, 25, 26, 29, 30, 31, 32, 33",,,,1,1,2018
2,COMP20090,,Intro. to Cognitive Science,VQ2,135,28,Semester Two,LEC,Tue,10:00,10:50,"20, 21, 22, 23, 24, 25, 26, 29, 30, 31, 32, 33",,,,1,1,2018
2,COMP20090,,Intro. to Cognitive Science,VQ2,135,28,Semester Two,LEC,Thu,10:00,10:50,"20, 21, 22, 23, 24, 25, 26, 29, 30, 31, 32, 33",,,,1,1,2018
2,COMP20110,,Discrete Maths for Comp. Sci.,HA1,40,39,Semester One,TUT,Wed,13:00,14:50,Sem1: All Weeks,CSI B109,,,1,1,2018
2,COMP20110,,Discrete Maths for Comp. Sci.,HA2,90,40,Semester One,TUT,Wed,16:00,17:50,Sem1: All Weeks,,,,1,1,2018
2,COMP20110,,Discrete Maths for Comp. Sci.,VA1,130,79,Semester One,LEC,Tue,13:00,13:50,Sem1: All Weeks,,,,1,1,2018
2,COMP20110,,Discrete Maths for Comp. Sci.,VA1,130,79,Semester One,LEC,Fri,13:00,13:50,Sem1: All Weeks,,,,1,1,2018
2,COMP20130,,Intro to Comp Forensics,VA1,190,78,Semester One,LEC,Mon,15:00,15:50,Sem1: All Weeks,,,,1,1,2018
2,COMP20130,,Intro to Comp Forensics,VA1,190,78,Semester One,LEC,Fri,12:00,12:50,Sem1: All Weeks,,,,1,1,2018
2,COMP20140,,Intro to Project Management,VQ1,90,57,Semester Two,LEC,Tue,12:00,12:50,"20, 21, 22, 23, 24, 25, 26, 29, 30, 31, 32, 33",,,,1,1,2018
2,COMP20140,,Intro to Project Management,VQ1,90,57,Semester Two,LEC,Thu,11:00,11:50,"20, 21, 22, 23, 24, 25, 26, 29, 30, 31, 32, 33",CSI B106,,,1,1,2018
2,COMP20180,,Intro to Operating Systems,HQ1,35,35,Semester Two,TUT,Fri,14:00,15:50,"20, 21, 22, 23, 24, 25, 26, 29, 30, 31, 32",CSI B003,,,1,1,2018
2,COMP20180,,Intro to Operating Systems,HQ2,45,37,Semester Two,TUT,Fri,16:00,17:50,"20, 21, 22, 23, 24, 25, 26, 29, 30, 31, 32",,,,1,1,2018
2,COMP20180,,Intro to Operating Systems,VQ1,99,77,Semester Two,LEC,Mon,12:00,12:50,"20, 21, 22, 23, 24, 25, 26, 29, 30, 31, 32, 33",,,,1,1,2018
2,COMP20180,,Intro to Operating Systems,VQ1,99,77,Semester Two,LEC,Wed,11:00,11:50,"20, 21, 22, 23, 24, 25, 26, 29, 30, 31, 32, 33",,,,1,1,2018
2,COMP20190,,Intro to Functional Progr'ing,VQ1,72,73,Semester Two,LEC,Mon,10:00,10:50,"20, 21, 22, 23, 24, 25, 26, 29, 30, 31, 32",,,,1,1,2018
2,COMP20190,,Intro to Functional Progr'ing,VQ1,72,73,Semester Two,LEC,Wed,10:00,10:50,"20, 21, 22, 23, 24, 25, 26, 29, 30, 31, 32, 33",,,,1,1,2018
2,COMP20190,,Intro to Functional Progr'ing,VQ1,72,73,Semester Two,PRA,Thu,14:00,15:50,"20, 21, 22, 23, 24, 25, 26, 29, 30, 31, 32, 33",,,,1,1,2018
2,COMP20200,,UNIX Programming,VQ1,90,66,Semester Two,LEC,Mon,11:00,11:50,"20, 21, 22, 23, 24, 25, 26, 29, 30, 31, 32, 33",,,,1,1,2018
2,COMP20200,,UNIX Programming,VQ1,90,66,Semester Two,LEC,Wed,12:00,12:50,"20, 21, 22, 23, 24, 25, 26, 29, 30, 31, 32, 33",,,,1,1,2018
2,COMP20200,,UNIX Programming,VQ1,90,66,Semester Two,PRA,Tue,16:00,17:50,"20, 21, 22, 23, 24, 25, 26, 29, 30, 31, 32, 33",,,,1,1,2018
3,COMP30010,,Foundations of Computing,HA1,55,24,Semester One,PRA,Mon,11:00,12:50,"1, 2, 3, 4, 5, 6, 7, 8, 9, 10",CSI B003,,,1,1,2018
3,COMP30010,,Foundations of Computing,HA2,55,27,Semester One,PRA,Mon,14:00,15:50,"1, 2, 3, 4, 5, 6, 7, 8, 9, 10",CSI B003,,,1,1,2018
3,COMP30010,,Foundations of Computing,VA1,120,51,Semester One,LEC,Mon,09:00,09:50,Sem1: All Weeks,,,,1,1,2018
3,COMP30010,,Foundations of Computing,VA1,120,51,Semester One,LEC,Wed,09:00,09:50,Sem1: All Weeks,,,,1,1,2018
3,COMP30020,,Computer Graphics I,VQ1,100,56,Semester Two,LEC,Tue,09:00,09:50,"20, 21, 22, 23, 24, 25, 26, 29, 30, 31, 32, 33",,,,1,1,2018
3,COMP30020,,Computer Graphics I,VQ1,100,56,Semester Two,LEC,Thu,09:00,09:50,"20, 21, 22, 23, 24, 25, 26, 29, 30, 31, 32, 33",,,,1,1,2018
3,COMP30020,,Computer Graphics I,ZQ1,40,12,Semester Two,PRA,Tue,10:00,11:50,"20, 21, 22, 23, 24, 25, 26, 29, 30, 31, 32, 33",CSI B003,,,1,1,2018
3,COMP30020,,Computer Graphics I,ZQ2,40,40,Semester Two,PRA,Thu,14:00,15:50,"20, 21, 22, 23, 24, 25, 26, 29, 30, 31, 32, 33",CSI B003,,,1,1,2018
3,COMP30030,,Introduction to AI,VA1,96,34,Semester One,LEC,Tue,15:00,15:50,Sem1: All Weeks,,,,1,1,2018
3,COMP30030,,Introduction to AI,VA1,96,34,Semester One,LEC,Thu,16:00,16:50,Sem1: All Weeks,,,,1,1,2018
3,COMP30030,,Introduction to AI,VA1,96,34,Semester One,PRA,Fri,09:00,10:50,Sem1: All Weeks,CSI B106,,,1,1,2018
3,COMP30040,,Networks and Internet Systems,VA1,130,100,Semester One,LEC,Tue,12:00,12:50,Sem1: All Weeks,,,,1,1,2018
3,COMP30040,,Networks and Internet Systems,VA1,130,100,Semester One,LEC,Thu,11:00,11:50,Sem1: All Weeks,,,,1,1,2018
3,COMP30040,,Networks and Internet Systems,ZA1,60,32,Semester One,PRA,Tue,16:00,17:50,Sem1: All Weeks,CSI B003,,,1,1,2018
3,COMP30040,,Networks and Internet Systems,ZA2,80,58,Semester One,PRA,Fri,14:00,15:50,Sem1: All Weeks,CSI B003,,,1,1,2018
3,COMP30050,,Software Engineering Project 3,HQ1,40,24,Semester Two,LAB,Wed,16:00,17:50,"20, 21, 22, 23, 24, 25, 26, 29, 30, 31, 32, 33",CSI B108,,,1,1,2018
3,COMP30050,,Software Engineering Project 3,HQ2,40,24,Semester Two,LAB,Thu,16:00,17:50,"20, 21, 22, 23, 24, 25, 26, 29, 30, 31, 32, 33",CSI B003,,,1,1,2018
3,COMP30050,,Software Engineering Project 3,VQ1,120,49,Semester Two,LEC,Wed,15:00,15:50,"20, 21, 22, 23, 24, 25, 26, 29, 30, 31, 32, 33",,,,1,1,2018
3,COMP30050,,Software Engineering Project 3,VQ1,120,49,Semester Two,LEC,Fri,11:00,11:50,"20, 21, 22, 23, 24, 25, 26, 29, 30, 31, 32, 33",,,,1,1,2018
3,COMP30060,,Program Construction I,HA1,40,26,Semester One,TUT,Mon,16:00,17:50,Sem1: All Weeks,CSI B109,,,1,1,2018
3,COMP30060,,Program Construction I,HA2,80,30,Semester One,TUT,Thu,09:00,10:50,Sem1: All Weeks,CSI B003,,,1,1,2018
3,COMP30060,,Program Construction I,VA1,100,59,Semester One,LEC,Tue,11:00,11:50,Sem1: All Weeks,CSI B003,,,1,1,2018
3,COMP30060,,Program Construction I,VA1,100,59,Semester One,LEC,Thu,12:00,12:50,Sem1: All Weeks,CSI B003,,,1,1,2018
3,COMP30070,,Object-Oriented Programming,VA1,100,64,Semester One,LEC,Wed,15:00,15:50,Sem1: All Weeks,,,,1,1,2018
3,COMP30070,,Object-Oriented Programming,VA1,100,64,Semester One,LEC,Fri,11:00,11:50,Sem1: All Weeks,,,,1,1,2018
3,COMP30070,,Object-Oriented Programming,ZA1,80,48,Semester One,PRA,Tue,09:00,10:50,Sem1: All Weeks,CSI B003,,,1,1,2018
3,COMP30070,,Object-Oriented Programming,ZA2,50,7,Semester One,PRA,Thu,14:00,15:50,Sem1: All Weeks,CSI B003,,,1,1,2018
3,COMP30080,,Processor Design,VQ1,120,84,Semester Two,LEC,Mon,13:00,13:50,"20, 21, 22, 23, 24, 25, 26, 29, 30, 31, 32, 33",,,,1,1,2018
3,COMP30080,,Processor Design,VQ1,120,84,Semester Two,LEC,Wed,13:00,13:50,"20, 21, 22, 23, 24, 25, 26, 29, 30, 31, 32, 33",,,,1,1,2018
3,COMP30080,,Processor Design,ZQ1,60,43,Semester Two,PRA,Tue,14:00,15:50,"20, 21, 22, 23, 24, 25, 26, 29, 30, 31, 32, 33",CSI B003,,,1,1,2018
3,COMP30080,,Processor Design,ZQ2,60,39,Semester Two,PRA,Fri,16:00,17:50,"20, 21, 22, 23, 24, 25, 26, 29, 30, 31, 32, 33",CSI B003,,,1,1,2018
3,COMP30090,,Operating Systems I,VQ1,20,10,Semester Two,LEC,Mon,12:00,12:50,"20, 21, 22, 23, 24, 25, 26, 29, 30, 31, 32, 33",,,,1,1,2018
3,COMP30090,,Operating Systems I,VQ1,20,10,Semester Two,LEC,Wed,11:00,11:50,"20, 21, 22, 23, 24, 25, 26, 29, 30, 31, 32, 33",,,,1,1,2018
3,COMP30090,,Operating Systems I,VQ1,20,10,Semester Two,TUT,Fri,14:00,15:50,"20, 21, 22, 23, 24, 25, 26, 29, 30, 31, 32",CSI B003,,,1,1,2018
3,COMP30110,,Spatial Information Systems,VA1,80,49,Semester One,LEC,Tue,10:00,10:50,Sem1: All Weeks,CSI B002,,,1,1,2018
3,COMP30110,,Spatial Information Systems,VA1,80,49,Semester One,LEC,Thu,10:00,10:50,Sem1: All Weeks,CSI B002,,,1,1,2018
3,COMP30120,,Machine Learning,VA1,50,38,Semester One,LEC,Tue,09:00,09:50,Sem1: All Weeks,CSI B002,,,1,1,2018
3,COMP30120,,Machine Learning,VA1,50,38,Semester One,LEC,Thu,09:00,09:50,Sem1: All Weeks,CSI B002,,,1,1,2018
3,COMP30140,,Operating Systems II,VA1,80,10,Semester One,LEC,Mon,11:00,11:50,Sem1: All Weeks,,,,1,1,2018
3,COMP30140,,Operating Systems II,VA1,80,10,Semester One,LEC,Wed,12:00,12:50,Sem1: All Weeks,,,,1,1,2018
3,COMP30160,,Object-Oriented Design,VQ1,30,14,Semester Two,LAB,Tue,16:00,17:50,"20, 21, 22, 23, 24, 25, 26, 29, 30, 31, 32, 33",CSI B002,,,1,1,2018
3,COMP30160,,Object-Oriented Design,VQ1,30,14,Semester Two,LEC,Tue,15:00,15:50,"20, 21, 22, 23, 24, 25, 26, 29, 30, 31, 32, 33",CSI B002,,,1,1,2018
3,COMP30160,,Object-Oriented Design,VQ1,30,14,Semester Two,LEC,Thu,16:00,16:50,"20, 21, 22, 23, 24, 25, 26, 29, 30, 31, 32, 33",CSI B002,,,1,1,2018
3,COMP30170,,Computer Science Project,111,80,42, Full Year and Erasmus,LEC,Fri,13:00,13:50,Sem1: All Weeks,CSI B002,,,1,1,2018
3,COMP30190,,Program Construction II,VA1,80,33,Semester One,LEC,Mon,09:00,09:50,Sem1: All Weeks,CSI B002,,,1,1,2018
3,COMP30190,,Program Construction II,VA1,80,33,Semester One,LEC,Wed,09:00,09:50,Sem1: All Weeks,CSI B002,,,1,1,2018
3,COMP30190,,Program Construction II,VA1,80,33,Semester One,TUT,Fri,11:00,12:50,Sem1: All Weeks,CSI B002,,,1,1,2018
3,COMP30220,,Distributed Systems,VA1,80,22,Semester One,LEC,Fri,09:00,10:50,Sem1: All Weeks,CSI B002,,,1,1,2018
3,COMP30220,,Distributed Systems,VA1,80,22,Semester One,PRA,Wed,13:00,15:50,Sem1: All Weeks,CSI B002,,,1,1,2018
3,COMP30230,,Connectionist Computing,VQ1,40,37,Semester Two,LEC,Tue,10:00,10:50,"20, 21, 22, 23, 24, 25, 26, 29, 30, 31, 32, 33",CSI B002,,,1,1,2018
3,COMP30230,,Connectionist Computing,VQ1,40,37,Semester Two,LEC,Thu,10:00,10:50,"20, 21, 22, 23, 24, 25, 26, 29, 30, 31, 32, 33",CSI B002,,,1,1,2018
3,COMP30240,,Multi-Agent Systems,VQ1,55,36,Semester Two,LEC,Tue,11:00,12:50,"20, 21, 22, 23, 24, 25, 26, 29, 30, 31, 32, 33",CSI B002,,,1,1,2018
3,COMP30250,,Parallel and Cluster Computing,VA1,80,39,Semester One,LEC,Mon,12:00,12:50,"1, 2, 3, 4, 5, 6, 7, 9, 10, 11, 12",CSI B002,,,1,1,2018
3,COMP30250,,Parallel and Cluster Computing,VA1,80,39,Semester One,LEC,Wed,11:00,11:50,Sem1: All Weeks,CSI B002,,,1,1,2018
3,COMP30250,,Parallel and Cluster Computing,VA1,80,39,Semester One,PRA,Wed,16:00,17:50,Sem1: All Weeks,CSI B002,,,1,1,2018
3,COMP30260,,AI for Games and Puzzles,VA1,80,27,Semester One,LEC,Tue,11:00,11:50,Sem1: All Weeks,CSI B002,,,1,1,2018
3,COMP30260,,AI for Games and Puzzles,VA1,80,27,Semester One,LEC,Thu,12:00,12:50,Sem1: All Weeks,CSI B002,,,1,1,2018
3,COMP30260,,AI for Games and Puzzles,VA1,80,27,Semester One,TUT,Mon,14:00,14:50,"1, 2, 3, 4, 5, 6, 7, 9, 10, 11, 12",CSI B002,,,1,1,2018
3,COMP30290,,Natural Computing,VA1,40,15,Semester One,LEC,Tue,15:00,15:50,Sem1: All Weeks,CSI B002,,,1,1,2018
3,COMP30290,,Natural Computing,VA1,40,15,Semester One,LEC,Thu,15:00,15:50,Sem1: All Weeks,CSI B002,,,1,1,2018
3,COMP30290,,Natural Computing,VA1,40,15,Semester One,PRA,Tue,16:00,16:50,Sem1: All Weeks,CSI B002,,,1,1,2018
3,COMP30290,,Natural Computing,VA1,40,15,Semester One,PRA,Thu,16:00,16:50,Sem1: All Weeks,CSI B002,,,1,1,2018
3,COMP30330,,Compiler Construction,VQ1,100,62,Semester Two,LEC,Tue,12:00,12:50,"20, 21, 22, 23, 24, 25, 26, 29, 30, 31, 32, 33",,,,1,1,2018
3,COMP30330,,Compiler Construction,VQ1,100,62,Semester Two,LEC,Thu,11:00,11:50,"20, 21, 22, 23, 24, 25, 26, 29, 30, 31, 32, 33",,,,1,1,2018
3,COMP30330,,Compiler Construction,ZQ1,50,25,Semester Two,SMG,Tue,16:00,17:50,"20, 21, 22, 23, 24, 25, 26, 29, 30, 31, 32, 33",CSI B003,,,1,1,2018
3,COMP30330,,Compiler Construction,ZQ2,50,32,Semester Two,SMG,Wed,09:00,10:50,"20, 21, 22, 23, 24, 25, 26, 29, 30, 31, 32, 33",CSI B003,,,1,1,2018
3,COMP30390,,"Enterprise, Innovation & Entre",VA1,20,17,Semester One,LEC,Tue,13:00,13:50,Sem1: All Weeks,CSI B002,,,1,1,2018
3,COMP30390,,"Enterprise, Innovation & Entre",VA1,20,17,Semester One,LEC,Fri,13:00,13:50,1,CSI B003,,,1,1,2018
3,COMP30390,,"Enterprise, Innovation & Entre",VA1,20,17,Semester One,LEC,Fri,13:00,13:50,Sem1: Weeks 2-12,,,,1,1,2018
3,COMP30390,,"Enterprise, Innovation & Entre",VA1,20,17,Semester One,PRA,Wed,16:00,17:50,"1, 2",CSI B003,,,1,1,2018
3,COMP30390,,"Enterprise, Innovation & Entre",VA1,20,17,Semester One,PRA,Wed,16:00,17:50,"3, 4, 5, 6, 7, 8, 9, 10, 11, 12",,,,1,1,2018
3,COMP30390,,"Enterprise, Innovation & Entre",VA2,80,76,Semester One,LEC,Thu,11:00,11:50,Sem1: All Weeks,CSI B003,,,1,1,2018
3,COMP30390,,"Enterprise, Innovation & Entre",VA2,80,76,Semester One,LEC,Fri,13:00,13:50,1,CSI B003,,,1,1,2018
3,COMP30390,,"Enterprise, Innovation & Entre",VA2,80,76,Semester One,LEC,Fri,13:00,13:50,Sem1: Weeks 2-12,,,,1,1,2018
3,COMP30390,,"Enterprise, Innovation & Entre",VA2,80,76,Semester One,PRA,Wed,16:00,17:50,"1, 2",CSI B003,,,1,1,2018
3,COMP30390,,"Enterprise, Innovation & Entre",VA2,80,76,Semester One,PRA,Wed,16:00,17:50,"3, 4, 5, 6, 7, 8, 9, 10, 11, 12",,,,1,1,2018
3,COMP30480,,Mobile App Development,VA1,10,17,Semester One,LEC,Thu,17:00,18:50,Sem1: All Weeks,CSI B106,,,1,1,2018
3,COMP30480,,Mobile App Development,ZA1,5,0,Semester One,PRA,Mon,12:00,13:50,Sem1: All Weeks,CSI B106,,,1,1,2018
3,COMP30480,,Mobile App Development,ZA2,5,1,Semester One,PRA,Mon,16:00,17:50,Sem1: All Weeks,CSI B106,,,1,1,2018
3,COMP30490,,Collective Intelligence,VQ1,40,13,Semester Two,LEC,Mon,17:00,18:50,"20, 21, 22, 23, 24, 25, 26, 29, 30, 31, 32",CSI B003,,,1,1,2018
3,COMP30490,,Collective Intelligence,VQ1,40,13,Semester Two,PRA,Wed,17:00,18:50,"20, 21, 22, 23, 24, 25, 26, 29, 30, 31, 32, 33",CSI B003,,,1,1,2018
3,COMP30520,,Cloud Computing (UG),VQ1,40,35,Semester Two,LEC,Mon,12:00,12:50,"20, 21, 22, 23, 24, 25, 26, 29, 30, 31, 32",CSI B002,,,1,1,2018
3,COMP30520,,Cloud Computing (UG),VQ1,40,35,Semester Two,LEC,Wed,11:00,11:50,"20, 21, 22, 23, 24, 25, 26, 29, 30, 31, 32, 33",CSI B002,,,1,1,2018
3,COMP30520,,Cloud Computing (UG),VQ1,40,35,Semester Two,PRA,Fri,09:00,10:50,"20, 21, 22, 23, 24, 25, 26, 29, 30, 31, 33",CSI B002,,,1,1,2018
3,COMP30540,,Game Development,VQ1,35,33,Semester Two,LEC,Mon,11:00,11:50,"20, 21, 22, 23, 24, 25, 26, 29, 30, 31, 32, 33",CSI B002,,,1,1,2018
3,COMP30540,,Game Development,VQ1,35,33,Semester Two,LEC,Wed,12:00,12:50,"20, 21, 22, 23, 24, 25, 26, 29, 30, 31, 32, 33",CSI B002,,,1,1,2018
3,COMP30540,,Game Development,VQ1,35,33,Semester Two,PRA,Thu,14:00,15:50,"20, 21, 22, 23, 24, 25, 26, 29, 30, 31, 32, 33",CSI B002,,,1,1,2018
3,COMP30570,,OS Unix,VQ1,80,75,Semester Two,LEC,Thu,13:00,13:50,"20, 21, 22, 23, 24, 25, 26, 29, 30, 31, 32, 33",CSI B002,,,1,1,2018
3,COMP30570,,OS Unix,VQ1,80,75,Semester Two,LEC,Fri,11:00,11:50,"20, 21, 22, 23, 24, 25, 26, 29, 30, 31, 32, 33",CSI B003,,,1,1,2018
3,COMP30570,,OS Unix,VQ1,80,75,Semester Two,PRA,Thu,16:00,17:50,"20, 21, 22, 23, 24, 25, 26, 29, 30, 31, 32, 33",CSI B106,,,1,1,2018
3,COMP30580,,Intro to Java Programming,VA1,80,76,Semester One,LEC,Fri,14:00,15:50,Sem1: All Weeks,,,,1,1,2018
4,COMP40010,,Performance of Comp Systems,VQ1,60,19,Semester Two,LEC,Wed,14:00,15:50,"20, 21, 22, 23, 24, 25, 26, 29, 30, 31, 32, 33",CSI B002,,,1,1,2018
4,COMP40010,,Performance of Comp Systems,VQ1,60,19,Semester Two,PRA,Mon,13:00,14:50,"20, 21, 22, 23, 24, 25, 26, 29, 30, 31, 32, 33",CSI B002,,,1,1,2018
4,COMP40040,,Agent-Oriented Software,V11,35,6, Full Year and Erasmus,LEC,Mon,09:00,18:50,27,CSI B002,,,1,1,2018
4,COMP40040,,Agent-Oriented Software,V11,35,6, Full Year and Erasmus,LEC,Tue,09:00,18:50,27,CSI B002,,,1,1,2018
4,COMP40040,,Agent-Oriented Software,V11,35,6, Full Year and Erasmus,LEC,Wed,09:00,18:50,27,CSI B002,,,1,1,2018
4,COMP40040,,Agent-Oriented Software,V11,35,6, Full Year and Erasmus,LEC,Thu,09:00,18:50,27,CSI B002,,,1,1,2018
4,COMP40040,,Agent-Oriented Software,V11,35,6, Full Year and Erasmus,LEC,Fri,09:00,18:50,27,CSI B002,,,1,1,2018
4,COMP40080,,Knowledge-based Techniques for,V11,35,5, Full Year and Erasmus,LEC,Mon,09:00,18:50,19,CSI B002,,,1,1,2018
4,COMP40080,,Knowledge-based Techniques for,V11,35,5, Full Year and Erasmus,LEC,Tue,09:00,18:50,19,CSI B002,,,1,1,2018
4,COMP40080,,Knowledge-based Techniques for,V11,35,5, Full Year and Erasmus,LEC,Wed,09:00,18:50,19,CSI B002,,,1,1,2018
4,COMP40080,,Knowledge-based Techniques for,V11,35,5, Full Year and Erasmus,LEC,Thu,09:00,18:50,19,CSI B002,,,1,1,2018
4,COMP40080,,Knowledge-based Techniques for,V11,35,5, Full Year and Erasmus,LEC,Fri,09:00,18:50,19,CSI B002,,,1,1,2018
4,COMP40180,,Parallel Algorithms Design and,VQ1,20,0,Semester Two,LEC,Mon,13:00,15:50,"20, 21, 22, 23, 24, 25, 26, 29, 30, 31, 32",Mth 125SCN,,,1,1,2018
4,COMP40250,,Cognitive Psychology,VA1,35,11,Semester One,LEC,Wed,11:00,12:50,Sem1: All Weeks,CSI B108,,,1,1,2018
4,COMP40260,,Connectionism,VQ1,30,12,Semester Two,LEC,Mon,11:00,12:50,"20, 21, 22, 23, 24, 25, 26, 29, 30, 31, 32",CSI B108,,,1,1,2018
4,COMP40260,,Connectionism,VQ1,30,12,Semester Two,PRA,Mon,14:00,15:50,"20, 21, 22, 23, 24, 25, 26, 29, 30, 31, 32",CSI B108,,,1,1,2018
4,COMP40270,,Cognitive Modelling,VQ1,30,9,Semester Two,LEC,Wed,11:00,12:50,"20, 21, 22, 23, 24, 25, 26, 29, 30, 31, 32, 33",CSI B108,,,1,1,2018
4,COMP40280,,Topics in Cognitive Science I,VQ1,25,10,Semester Two,SEM,Wed,14:00,15:50,"20, 21, 22, 23, 24, 25, 26, 29, 30, 31, 32, 33",CSI B108,,,1,1,2018
4,COMP40300,,Context Sensitive Service Deli,VA1,30,25,Semester One,LEC,Wed,14:00,16:50,Sem1: All Weeks,CSI B108,,,1,1,2018
4,COMP40370,,Data Mining,VQ1,60,51,Semester Two,LEC,Tue,09:00,09:50,"20, 21, 22, 23, 24, 25, 26, 29, 30, 31, 32, 33",CSI B002,,,1,1,2018
4,COMP40370,,Data Mining,VQ1,60,51,Semester Two,LEC,Thu,09:00,09:50,"20, 21, 22, 23, 24, 25, 26, 29, 30, 31, 32, 33",CSI B002,,,1,1,2018
4,COMP40370,,Data Mining,VQ1,60,51,Semester Two,PRA,Thu,11:00,12:50,"20, 21, 22, 23, 24, 25, 26, 29, 30, 31, 32, 33",CSI B002,,,1,1,2018
4,COMP40400,,Bioinformatics,VQ1,30,5,Semester Two,LEC,Thu,14:00,14:50,"20, 21, 22, 23, 24, 25, 26, 29, 30, 31, 32, 33",CSI B109,,,1,1,2018
4,COMP40410,,Special Topics in Computationa,VA1,30,5,Semester One,LEC,Mon,14:00,15:50,Sem1: All Weeks,CSI B108,,,1,1,2018
4,COMP40600,,Multimed Security&Data Hiding,VQ1,30,5,Semester Two,LEC,Mon,10:00,10:50,"20, 21, 22, 23, 24, 25, 26, 29, 30, 31, 32, 33",CSI B002,,,1,1,2018
4,COMP40600,,Multimed Security&Data Hiding,VQ1,30,5,Semester Two,LEC,Wed,09:00,10:50,"20, 21, 22, 23, 24, 25, 26, 29, 30, 31, 32, 33",CSI B002,,,1,1,2018
4,COMP40630,,Human Computer Interaction,VQ1,35,23,Semester Two,LEC,Thu,11:00,12:50,"20, 21, 22, 23, 24, 25, 26, 29, 30, 31, 32, 33",CSI B108,,,1,1,2018
4,COMP40660,,Advances  Wireless Networking,VA1,80,51,Semester One,LEC,Mon,10:00,10:50,Sem1: All Weeks,CSI B002,,,1,1,2018
4,COMP40660,,Advances  Wireless Networking,VA1,80,51,Semester One,LEC,Wed,10:00,10:50,Sem1: All Weeks,CSI B002,,,1,1,2018
4,COMP40660,,Advances  Wireless Networking,VA1,80,51,Semester One,PRA,Mon,16:00,17:50,Sem1: All Weeks,CSI B002,,,1,1,2018
4,COMP40680,,Sensor systems,VQ1,20,7,Semester Two,LEC,Wed,14:00,16:50,"20, 21, 22, 23, 24, 25, 26, 29, 30, 31, 32, 33",CSI B109,,,1,1,2018
4,COMP40725,,Intro to RD & SQLProgrammiing,VQ1,80,79,Semester Two,LEC,Thu,09:00,10:50,"20, 21, 22, 23, 24, 25, 26, 29, 30, 31, 32, 33",CSI B003,,,1,1,2018
4,COMP40725,,Intro to RD & SQLProgrammiing,VQ1,80,79,Semester Two,LEC,Fri,12:00,12:50,"20, 21, 22, 23, 24, 25, 26, 29, 30, 31, 32, 33",CSI B003,,,1,1,2018
4,COMP40725,,Intro to RD & SQLProgrammiing,VQ1,80,79,Semester Two,PRA,Thu,11:00,12:50,"20, 21, 22, 23, 24, 25, 26, 29, 30, 31, 32, 33",CSI B003,,,1,1,2018
4,COMP40725,,Intro to RD & SQLProgrammiing,VQ1,80,79,Semester Two,PRA,Fri,16:00,17:50,"20, 21, 22, 23, 24, 25, 26, 29, 30, 31, 32, 33",CSI B002,,,1,1,2018
4,COMP40740,,Data Mining Techniques & Model,VQ1,60,59,Semester Two,LEC,Wed,17:00,20:20,"20, 21, 22, 23, 24, 25, 26, 29, 30, 31, 32, 33",C302 GSB,,,1,1,2018
4,COMP40750,,Corporate Investigations,V11,80,46, Full Year and Erasmus,LEC,Wed,17:00,18:50,Sem1: All Weeks,CSI B106,,,1,1,2018
4,COMP40760,,Investigative Techniques,V11,70,51, Full Year and Erasmus,LEC,Tue,19:00,20:50,"20, 21, 22, 23, 24, 25, 26, 29, 30, 31, 32, 33",CSI B106,,,1,1,2018
4,COMP40770,,Information Security,V11,80,65, Full Year and Erasmus,LEC,Wed,19:00,20:50,Sem1: All Weeks,CSI B106,,,1,1,2018
4,COMP40780,,Digital Investigation Project,111,60,42, Full Year and Erasmus,LEC,Wed,17:00,20:50,"20, 21, 22, 23, 24, 25, 26, 29, 30, 31, 32, 33",,,,1,1,2018
4,COMP40790,,Application Forensics,V11,80,50, Full Year and Erasmus,LEC,Tue,17:00,18:50,"20, 21, 22, 23, 24, 25, 26, 29, 30, 31, 32, 33",CSI B106,,,1,1,2018
4,COMP40800,,Computer Forensics Foundations,V11,90,63, Full Year and Erasmus,LEC,Tue,19:00,20:50,Sem1: All Weeks,CSI B106,,,1,1,2018
4,COMP41100,,Exploring Programming in Ruby,VA1,80,88,Semester One,LEC,Thu,11:00,12:50,Sem1: All Weeks,CSI B106,,,1,1,2018
4,COMP41100,,Exploring Programming in Ruby,VA1,80,88,Semester One,PRA,Thu,14:00,14:50,Sem1: All Weeks,CSI B106,,,1,1,2018
4,COMP41190,,Natural Computing Applications,VA1,40,10,Semester One,LEC,Tue,15:00,15:50,Sem1: All Weeks,CSI B002,,,1,1,2018
4,COMP41190,,Natural Computing Applications,VA1,40,10,Semester One,LEC,Thu,15:00,15:50,Sem1: All Weeks,CSI B002,,,1,1,2018
4,COMP41190,,Natural Computing Applications,VA1,40,10,Semester One,PRA,Tue,16:00,16:50,Sem1: All Weeks,CSI B002,,,1,1,2018
4,COMP41190,,Natural Computing Applications,VA1,40,10,Semester One,PRA,Thu,16:00,16:50,Sem1: All Weeks,CSI B002,,,1,1,2018
4,COMP41260,,Info Security Management I,VA1,80,58,Semester One,LEC,Mon,10:00,11:50,Sem1: All Weeks,CSI B106,,,1,1,2018
4,COMP41280,,Intro to Information Security,VQ1,60,7,Semester Two,LEC,Mon,15:00,16:50,"20, 21, 22, 23, 24, 25, 26, 29, 30, 31, 32",CSI B002,,,1,1,2018
4,COMP41390,,Connectionist Computing,VQ1,40,4,Semester Two,LEC,Tue,10:00,10:50,"20, 21, 22, 23, 24, 25, 26, 29, 30, 31, 32, 33",CSI B002,,,1,1,2018
4,COMP41390,,Connectionist Computing,VQ1,40,4,Semester Two,LEC,Thu,10:00,10:50,"20, 21, 22, 23, 24, 25, 26, 29, 30, 31, 32, 33",CSI B002,,,1,1,2018
4,COMP41450,,Machine Learning and Network D,VA1,30,25,Semester One,LEC,Tue,09:00,09:50,Sem1: All Weeks,CSI B002,,,1,1,2018
4,COMP41450,,Machine Learning and Network D,VA1,30,25,Semester One,LEC,Thu,09:00,09:50,Sem1: All Weeks,CSI B002,,,1,1,2018
4,COMP41550,,Mobile App Devel: CocoaTouch,VQ1,10,5,Semester Two,LEC,Wed,09:00,18:50,"18, 28",CSI B108,,,1,1,2018
4,COMP41550,,Mobile App Devel: CocoaTouch,VQ1,10,5,Semester Two,LEC,Thu,09:00,18:50,"18, 28",CSI B108,,,1,1,2018
4,COMP41550,,Mobile App Devel: CocoaTouch,VQ1,10,5,Semester Two,LEC,Fri,09:00,18:50,"18, 28",CSI B108,,,1,1,2018
4,COMP41550,,Mobile App Devel: CocoaTouch,VQ1,10,5,Semester Two,LEC,Fri,09:00,18:50,33,CSI B108,,,1,1,2018
4,COMP41670,,Software Engineering (MEng ECE,VA1,30,9,Semester One,CAL,Fri,14:00,15:50,Sem1: All Weeks,,,,1,1,2018
4,COMP41670,,Software Engineering (MEng ECE,VA1,30,9,Semester One,LEC,Wed,11:00,11:50,Sem1: All Weeks,204 ENG,,,1,1,2018
4,COMP41670,,Software Engineering (MEng ECE,VA1,30,9,Semester One,LEC,Thu,12:00,12:50,Sem1: All Weeks,,,,1,1,2018
4,COMP47130,,Autonomous Robotic Systems,VQ1,35,9,Semester Two,LEC,Tue,13:00,13:50,"20, 21, 22, 23, 24, 25, 26, 29, 30, 31, 32, 33",CSI B002,,,1,1,2018
4,COMP47130,,Autonomous Robotic Systems,VQ1,35,9,Semester Two,LEC,Fri,13:00,13:50,"20, 21, 22, 23, 24, 25, 26, 29, 30, 31, 32, 33",CSI B002,,,1,1,2018
4,COMP47130,,Autonomous Robotic Systems,VQ1,35,9,Semester Two,PRA,Fri,11:00,12:50,"20, 21, 22, 23, 24, 25, 26, 29, 30, 31, 32, 33",CSI B002,,,1,1,2018
4,COMP47160,,Adv. Java Data Struc & Algor,VQ1,80,81,Semester Two,LEC,Wed,14:00,15:50,"20, 21, 22, 23, 24, 25, 26, 29, 30, 31, 32, 33",CSI B003,,,1,1,2018
4,COMP47160,,Adv. Java Data Struc & Algor,VQ1,80,81,Semester Two,LEC,Fri,09:00,10:50,"20, 21, 22, 23, 24, 25, 26, 29, 30, 31, 32, 33",CSI B003,,,1,1,2018
4,COMP47160,,Adv. Java Data Struc & Algor,VQ1,80,81,Semester Two,PRA,Wed,16:00,17:50,"20, 21, 22, 23, 24, 25, 26, 29, 30, 31, 32, 33",CSI B002,,,1,1,2018
4,COMP47160,,Adv. Java Data Struc & Algor,VQ1,80,81,Semester Two,PRA,Fri,14:00,15:50,"20, 21, 22, 23, 24, 25, 26, 29, 30, 31, 32, 33",CSI B002,,,1,1,2018
4,COMP47170,,Introduction to Internet Tech,VQ1,80,73,Semester Two,LEC,Wed,11:00,12:50,"20, 21, 22, 23, 24, 25, 26, 29, 30, 31, 32, 33",CSI B003,,,1,1,2018
